CustomerID,CustomerName,CustomerAddress,CustomerEmail,CustomerPhone
1,Sean Moore,"202 Joyce Trace Apt. 297
Millerberg, GA 07568",wisebryan@example.com,614-829-8330
2,Claudia Garcia,"60588 Jones Mountains Suite 270
Davidtown, ID 76187",kevin93@example.org,398-647-0679x94662
3,Stephanie Ayala,"867 Laura Mission
Fowlerburgh, WV 90504",hannah14@example.org,372-759-4634
4,Mary Myers,"1978 Edwards Parks Suite 329
East Gregoryfurt, MA 47435",markssue@example.org,(712)924-8525x469
5,Christopher Johnson,"3362 Patricia Neck
Lake Alfred, IA 98770",corey98@example.com,8035992280
6,Dominique George,"55516 Jeffrey Dam
East Justin, KY 85889",jeffreypeterson@example.net,390.391.0347x7482
7,Shannon Thomas,"693 Osborne Motorway Apt. 031
South Brittany, DE 98755",andersondenise@example.org,001-713-577-3659x627
8,Diana Cook,"155 Taylor Port
Roychester, AZ 24709",dawnsullivan@example.org,862-343-3922x0037
9,Mary Long,"USNV Gibbs
FPO AP 28767",sara45@example.com,6044644414
10,Dennis Adams,"267 Cardenas Keys
Lake Joyfurt, SD 29260",coreyclark@example.org,+1-839-270-6511x577
11,Jeffery Perry,"3168 Jeanne Cliff
North Lisaville, MO 76666",ymitchell@example.org,001-366-457-2575x048
12,Melvin Villa,"USNV Williams
FPO AP 66608",cervantesjoseph@example.org,(669)982-3703x7799
13,Jesse Riddle,"398 Robert Dam Apt. 478
East Georgeton, WV 80799",leejohn@example.net,001-571-549-0056x6184
14,Antonio James,"8623 Denise Heights
East Stevenview, AR 10452",tonyaspencer@example.net,740-896-0457
15,Christina Wheeler,"1959 Jessica Heights Suite 436
Joyceville, ND 73296",alittle@example.net,534-738-0317x0194
16,Marie Walker,"648 Katherine Neck
East Jacob, SD 17322",qnguyen@example.com,(236)820-4583
17,Robert Riggs,"6829 Jones Manor Suite 485
Chrisview, MT 07159",daniel79@example.net,+1-684-712-8504x540
18,Hunter Wheeler,"223 Megan Manor
Nicholasbury, DE 92115",nevans@example.com,+1-494-804-8512x65967
19,Sara Campbell,"917 Jonathan Isle
Sherylborough, AL 63497",jackie14@example.com,(497)522-9678x4752
20,Jennifer Pierce,"03884 Daniel Streets Suite 888
Russellton, TX 76041",michealstone@example.com,9975872065
21,Martha Travis,"107 Williams Overpass
Stoneton, MI 66429",allenmichelle@example.net,001-782-548-9001x816
22,Mark Mcneil,"5688 Michael Shores
Crystalstad, NJ 57231",margaretsantiago@example.com,001-372-949-0482x38339
23,Nicholas Taylor,"547 Sanchez Station
Wrightview, AS 78074",freemanjodi@example.com,001-407-458-0277x158
24,Jillian Reyes,"93815 Harris Mall Apt. 099
Port Rebecca, HI 50246",jessegreen@example.com,(324)474-2794
25,Amy Adams,"654 Bryan Coves
North Ernestmouth, IN 34130",bchoi@example.net,950.823.1090
26,Lori Cooper,"826 Christopher Mountain
North Timothychester, MI 14433",deborah00@example.net,968.860.7997
27,April Shah,"USNV Maddox
FPO AP 62793",ustevenson@example.org,5829981343
28,Nicole Hampton,"870 Brian Club Apt. 401
Deborahfurt, WA 20315",sharonfields@example.com,(982)692-9100x0273
29,Lori Lewis,"947 King Via Suite 141
Port Casey, NE 63666",steve13@example.org,+1-300-414-7624x5520
30,David Wright,"9333 Sandra Divide
Susanton, CO 12706",franklindeborah@example.com,462-547-5526x3401
31,Jennifer Martin,"320 Kane Street Apt. 281
South Donald, KS 87735",tinataylor@example.com,7134611776
32,Elizabeth Dixon,"6166 Stevens Drive Apt. 117
Burgessberg, NV 82671",dallen@example.net,001-535-491-6846x52071
33,Nicholas Lewis,"8042 Bethany Junction
Jeffreyport, IN 29112",moraleshannah@example.com,465-574-9069
34,Anna Noble,"7534 Michelle Meadow
Williamville, NE 05485",buckleyjessica@example.net,001-723-979-5342x800
35,William Jackson,"376 Whitaker Fords
Loriview, AZ 01750",jacqueline17@example.net,(987)681-2426x550
36,Diane Ross,"2909 Ashley Ridge
Murraychester, SD 05806",michaelatkins@example.com,2586291563
37,James Brown,"Unit 1793 Box 2493
DPO AA 13544",leedaniel@example.com,381-815-5965x962
38,Alyssa Payne,"40010 Padilla Glen Apt. 957
Valdezbury, VT 86867",allisongill@example.org,967.370.2943x0790
39,Melissa Levine,"29053 Gilbert Centers
North Lindsey, VT 12003",huynhdavid@example.org,9423875048
40,Melissa Warren,"59100 Maddox Meadow
Lake Aaron, WY 58767",shane76@example.com,(266)739-5989x8232
41,Ryan Miller,"0159 Seth Lane
Port Molly, MP 96554",jeff16@example.net,5112486330
42,Dennis Charles,"356 Matthew Gateway
Amymouth, CT 18454",jessica20@example.net,680-633-2001x3866
43,Antonio Ford,"242 Donald Cliff Apt. 817
Lake Nicholasstad, MO 01804",stephenfigueroa@example.org,(500)333-2119
44,Carol Stevens,"662 Brown Vista
Mendezville, NM 33343",briansalazar@example.org,001-280-295-3405
45,Chelsea Wood,"7012 Bradley Inlet Apt. 540
Patrickmouth, MD 98857",juliasparks@example.org,224-620-0555x31159
46,Allison Allen,"180 Wendy Trafficway Suite 770
West Scottburgh, OH 49249",andrew93@example.com,-10992
47,Danielle White,"9371 Jason Parks Suite 858
New Laurieport, ID 43942",ochen@example.com,780-479-1708
48,John Pearson,"USNV Hammond
FPO AP 88158",taraguerrero@example.com,(368)672-5521
49,April Warner,"306 Katelyn Flat
Morenofort, NV 36066",robinsonmelanie@example.com,476.763.6816
50,David Joyce,"5804 Julie Forks
New Jeffreystad, ND 65632",nicole60@example.com,(374)585-9007
51,Robert Hale,"1861 Brock Views
Port Stephen, ID 91243",cblack@example.com,+1-429-614-1231x6287
52,Hannah Kelley,"88583 Bird Courts Suite 793
Lake Kelly, CT 20888",vberger@example.org,(533)651-3081x4883
53,Mindy Richardson,"5194 Jessica Forest Suite 642
Sparkston, TX 36384",eolson@example.net,001-238-699-4163x04936
54,Amanda Perez,"8581 Bell Mountains
Lake Rebecca, AZ 34329",terrancebradley@example.org,(608)423-3947x6887
55,Melissa Lopez,"7279 Kevin Crest
East Tonyashire, IA 82742",mrichards@example.net,+1-924-697-8533x978
56,Barbara Beasley,"7931 Mcdaniel Lake Suite 440
Caseymouth, MS 15528",jonathan16@example.org,+1-855-558-5333x7099
57,Deborah Montgomery,"943 Sabrina Square
New Dominicland, MP 54605",dannytucker@example.org,606.702.1033
58,Elizabeth Nelson,"PSC 2017, Box 0338
APO AA 05066",timothyacosta@example.com,001-597-861-8729x2711
59,Keith Cabrera DVM,"99558 Patton Cliff Suite 129
Port Angelafort, OK 86021",sharpsamantha@example.net,424.814.1685
60,Deborah Mendez,"USCGC Walker
FPO AA 07907",lisamoore@example.com,(567)914-1793
61,Martin Holt,"5635 Murray Mountains
Curtiston, KS 28952",harristravis@example.org,608-283-2746x2800
62,Gabriella Mcguire,"PSC 1757, Box 3109
APO AP 74898",greeves@example.com,687-549-2426x638
63,Joe Berg,"29117 Jade Ford Apt. 372
Lake Stephanieberg, NC 99174",andrea41@example.net,001-485-425-0762
64,Gabrielle Smith,"909 Frank Forges Suite 551
West Mary, DE 60962",sarah88@example.net,229-384-4067x087
65,Cory Fernandez,"5879 Donald Garden Apt. 324
Smithberg, MP 41126",acaldwell@example.net,600-512-9004
66,Elizabeth Weaver,"1444 Denise Turnpike Apt. 376
Debbiefurt, NV 29609",jennifer66@example.net,895-677-9963
67,Mr. Mark Lowe Jr.,"2847 Grant Road
Raymondmouth, MO 76707",randall82@example.org,389-414-8515x4213
68,Zachary Gordon,"694 Erika Roads Apt. 552
Lake Benjaminside, MP 67530",william02@example.net,378.341.5548x8375
69,Mr. Justin Hall III,"8053 Banks Crescent
Taylorbury, VI 59242",rwalker@example.com,929-702-8511x66178
70,Bobby White,"31623 Stone Dale
Pricemouth, VT 41241",jacob96@example.org,001-550-756-5797x5066
71,Christine Young,"339 Erika Villages
Tarafurt, VA 29323",phillip26@example.org,+1-301-645-2810x526
72,Michelle Kelly,"2347 Ware Junction
West Danielton, MI 67446",cflynn@example.com,-3404
73,Crystal Roberts,"1828 Joseph Tunnel
West Kimberly, WA 85715",lisasmith@example.com,251-265-9453
74,Johnathan Wyatt,"PSC 0831, Box 3153
APO AP 22938",cummingsjessica@example.net,(942)717-5745x4510
75,Richard Baker,"Unit 0582 Box 4036
DPO AE 85683",beckkrystal@example.org,-10926
76,Gregory Garza,"284 Becker Ridge Suite 021
West Claudiaview, NV 84080",terryrich@example.org,647.846.7421
77,Luis Nguyen,"3239 Owens Plains Suite 103
East Jane, NY 48010",rachel56@example.com,001-912-515-4574x42998
78,Ashley James,"133 Kevin Loaf
Danielberg, WY 29929",hhicks@example.net,6032496460
79,Erica Warren,"USS Lin
FPO AP 71281",debrasampson@example.com,3715977358
80,Laura Morales,"552 Donovan Point Apt. 704
North Corey, NY 40503",ryanguzman@example.net,(278)493-6367x321
81,Jamie Rivera,"8598 Whitaker Station Suite 294
Walkerborough, MD 46307",vazquezkathryn@example.com,7429117438
82,Evelyn Atkins DDS,"0680 Moreno Path
Port Jennifer, OK 23667",joshuasmith@example.org,515.844.1274
83,Audrey Graham,"PSC 9278, Box 4144
APO AA 45677",claudiaharris@example.net,001-471-259-0626x068
84,Joseph Macias,"18115 Robert Hills Apt. 746
Bellside, WY 76618",hwells@example.com,(671)689-5797
85,Victoria Johnson,"812 Amanda Field
West David, IL 46206",trevorhanson@example.org,+1-607-943-3846x14648
86,Hannah Hartman,"79251 Rogers Keys
East Jessicaburgh, FL 37695",james07@example.net,-8260
87,Nancy Wright,"73362 Bush Lane
North Christopher, IN 26885",uphelps@example.net,-4693
88,Jeffrey Arnold,"14618 Teresa Motorway
East Dawn, GA 85235",brandireeves@example.com,660.849.7161x0120
89,Donna Sparks,"7356 Erik Glens Apt. 189
New Melissa, WI 43254",framirez@example.net,+1-361-448-8543x2650
90,Anthony Mcgrath,"4552 Brandon Cove Suite 590
Lake Keithfurt, LA 05369",gilesmichael@example.org,720-575-6172x731
91,Phillip Myers,"73851 Bruce Lakes
Branchmouth, MS 13461",schroederjulie@example.net,+1-322-755-2804x0920
92,Jasmine Arnold,"056 Maxwell Center Suite 556
North Stephanie, OH 60848",jeffery61@example.org,878-723-6720x282
93,Mary Robinson MD,"1745 Nicholas Union Suite 894
South Tony, DE 43835",joshua36@example.net,397.873.2313x97563
94,Joseph Riley,"Unit 5785 Box 9390
DPO AA 83921",raywilliam@example.com,+1-722-637-3404x670
95,Christopher Tate,"64531 Alec Shoal
North Samuelmouth, WV 29792",rroach@example.com,411-521-5351
96,Stephen Bennett,"0008 Lynn Cliffs Apt. 405
West Susan, OH 89805",masseymaureen@example.net,284.904.8257
97,Kirsten Ramirez,"USS Wilson
FPO AA 84906",donnabarnett@example.com,+1-294-862-2536x6497
98,John Glenn,"Unit 9446 Box 0248
DPO AA 60424",cward@example.org,001-857-916-4328
99,Patrick Ramos,"868 Debra Union Apt. 939
West Chelseaport, OK 12139",lgutierrez@example.net,001-562-280-2150x0694
100,David White,"861 Ramsey Islands Suite 116
Port Sandra, AR 08412",jcollins@example.net,001-634-898-4373
